,0,1,2,3,4,5,6,7,8,9
2025-01-01 06:00:00,0,0,0,2,0,0,0,1,1,1
2025-01-01 06:15:00,0,1,3,1,0,0,0,0,2,0
2025-01-01 06:30:00,0,0,1,0,0,2,0,0,2,2
2025-01-01 06:45:00,2,0,0,1,2,4,1,1,1,4
2025-01-01 07:00:00,0,2,0,1,0,4,0,1,3,2
2025-01-01 07:15:00,0,1,4,0,2,3,1,1,2,2
2025-01-01 07:30:00,0,2,1,0,2,3,0,1,2,2
2025-01-01 07:45:00,4,2,3,0,1,3,5,1,1,5
2025-01-01 08:00:00,1,3,5,0,3,5,1,1,8,1
2025-01-01 08:15:00,4,5,5,0,4,7,2,5,1,3
2025-01-01 08:30:00,4,2,2,0,1,2,6,3,5,5
2025-01-01 08:45:00,1,2,5,3,5,3,3,4,7,9
2025-01-01 09:00:00,2,1,2,0,2,7,3,1,3,3
2025-01-01 09:15:00,1,0,3,2,4,5,0,2,5,4
2025-01-01 09:30:00,0,3,2,2,6,4,1,6,8,6
2025-01-01 09:45:00,1,3,1,0,3,2,0,1,3,3
2025-01-01 10:00:00,1,1,9,1,4,0,3,1,5,3
2025-01-01 10:15:00,2,2,6,2,4,4,1,2,5,4
2025-01-01 10:30:00,5,3,3,3,0,3,3,2,6,1
2025-01-01 10:45:00,1,5,4,0,0,3,0,1,2,3
2025-01-01 11:00:00,1,1,2,0,3,2,0,2,4,1
2025-01-01 11:15:00,0,1,1,0,1,3,0,0,0,5
2025-01-01 11:30:00,1,3,1,0,0,1,0,0,0,0
2025-01-01 11:45:00,0,1,3,0,1,1,0,0,2,1
2025-01-01 12:00:00,0,2,0,0,1,3,0,0,1,0
2025-01-01 12:15:00,0,0,1,2,0,2,1,0,2,0
2025-01-01 12:30:00,0,1,1,0,0,5,3,0,0,1
2025-01-01 12:45:00,0,0,0,1,1,1,3,1,0,2
2025-01-01 13:00:00,1,3,1,0,2,3,2,3,2,2
2025-01-01 13:15:00,0,0,3,0,0,3,0,1,3,0
2025-01-01 13:30:00,1,0,0,0,0,1,2,2,4,1
2025-01-01 13:45:00,3,2,0,3,5,4,5,4,6,5
2025-01-01 14:00:00,0,2,3,1,2,2,2,2,5,3
2025-01-01 14:15:00,4,2,6,1,3,4,1,1,4,2
2025-01-01 14:30:00,4,1,4,1,2,3,1,0,6,2
2025-01-01 14:45:00,1,1,8,3,1,2,2,2,0,6
2025-01-01 15:00:00,2,1,5,1,1,5,0,2,6,4
2025-01-01 15:15:00,1,0,3,0,0,2,1,0,4,2
2025-01-01 15:30:00,1,1,3,0,2,3,1,0,3,2
2025-01-01 15:45:00,1,2,0,1,1,1,1,1,0,2
2025-01-01 16:00:00,0,0,2,0,2,0,0,1,0,0
2025-01-01 16:15:00,0,0,1,1,1,1,2,2,2,2
2025-01-01 16:30:00,1,0,2,2,2,1,1,1,1,2
2025-01-01 16:45:00,1,0,3,0,0,3,1,1,6,1
2025-01-01 17:00:00,0,1,1,2,1,3,1,2,2,2
2025-01-01 17:15:00,2,1,4,1,1,2,1,3,3,3
2025-01-01 17:30:00,2,0,4,0,2,4,4,0,3,1
2025-01-01 17:45:00,0,2,5,1,2,6,0,1,2,2
2025-01-01 18:00:00,2,2,4,5,4,2,6,5,7,2
2025-01-01 18:15:00,2,3,6,5,5,5,2,5,6,6
2025-01-01 18:30:00,3,2,5,1,7,1,7,3,6,7
2025-01-01 18:45:00,4,3,4,0,1,6,4,1,6,6
2025-01-01 19:00:00,2,0,4,0,2,4,3,0,5,5
2025-01-01 19:15:00,3,2,6,2,2,6,5,3,3,4
2025-01-01 19:30:00,1,7,2,4,4,2,1,3,5,4
2025-01-01 19:45:00,2,1,4,1,4,4,3,3,5,6
2025-01-01 20:00:00,3,3,3,1,0,2,1,4,4,3
2025-01-01 20:15:00,2,0,3,2,1,1,2,0,2,4
2025-01-01 20:30:00,1,2,0,0,0,1,1,1,1,1
2025-01-01 20:45:00,0,1,2,0,1,1,0,1,3,1
2025-01-01 21:00:00,0,1,2,1,1,1,2,1,2,0
2025-01-01 21:15:00,1,1,0,0,0,2,1,0,3,0
2025-01-01 21:30:00,1,0,3,0,5,0,3,2,2,2
2025-01-01 21:45:00,0,1,1,1,0,1,1,0,3,2
2025-01-01 22:00:00,0,2,1,0,1,2,0,0,0,6
2025-01-01 22:15:00,0,0,0,0,1,3,1,0,2,1
2025-01-01 22:30:00,2,0,4,0,4,0,2,2,5,0
2025-01-01 22:45:00,3,4,6,1,4,0,4,2,7,1
2025-01-01 23:00:00,1,0,0,1,0,3,1,2,2,2
2025-01-01 23:15:00,0,0,6,0,3,2,1,1,1,2
2025-01-01 23:30:00,1,1,0,2,1,2,1,1,5,1
2025-01-01 23:45:00,1,0,2,2,2,3,1,1,3,0
